Date,Description,Amount
2025-07-01,WELLS FARGO HM MORTGAGE PMT,-4298.06
2025-07-02,SAFEWAY #1842,-115.36
2025-07-03,DOORDASH*ORDER,-28.76
2025-07-03,BLUE BOTTLE COFFEE,-8.68
2025-07-04,GEICO AUTO INSURANCE,-168.0
2025-07-04,STARBUCKS STORE 09122,-6.99
2025-07-04,STARBUCKS STORE 09122,-5.3
2025-07-05,AMAZON.COM*MKTPLACE,-35.67
2025-07-06,AMAZON.COM*MKTPLACE,-21.09
2025-07-06,PETCO ANIMAL SUPPLIES,-72.64
2025-07-07,NETFLIX.COM,-22.99
2025-07-08,SHELL OIL 574812,-74.27
2025-07-09,STARBUCKS STORE 09122,-5.51
2025-07-09,PHILZ COFFEE,-5.79
2025-07-09,CHEVRON 0093471,-46.15
2025-07-10,TRANSFER TO SAVINGS - VANGUARD,-2500.0
2025-07-10,SAFEWAY #1842,-99.86
2025-07-10,DOORDASH*ORDER,-26.16
2025-07-10,STARBUCKS STORE 09122,-5.69
2025-07-11,TRADER JOES #221,-86.34
2025-07-12,TARGET T-1189,-62.8
2025-07-13,DOORDASH*ORDER,-29.41
2025-07-13,STARBUCKS STORE 09122,-5.43
2025-07-13,STARBUCKS STORE 09122,-8.33
2025-07-13,CHIPOTLE 2244,-22.26
2025-07-13,NAPOLI PIZZA KITCHEN,-28.19
2025-07-13,SHELL OIL 574812,-54.49
2025-07-14,VERIZON WIRELESS AUTOPAY,-142.64
2025-07-14,DOORDASH*ORDER,-44.69
2025-07-14,DOORDASH*ORDER,-34.11
2025-07-14,STARBUCKS STORE 09122,-8.33
2025-07-14,BARREL HOUSE BREWERY,-88.3
2025-07-14,AMAZON.COM*MKTPLACE,-69.49
2025-07-15,COMCAST XFINITY INTERNET,-89.99
2025-07-15,HULU + DISNEY BUNDLE,-18.99
2025-07-15,TOYOTA FINANCIAL AUTO LOAN,-528.0
2025-07-15,TRADER JOES #221,-65.45
2025-07-15,UBER TRIP,-35.3
2025-07-16,SPOTIFY USA,-19.99
2025-07-16,PHILZ COFFEE,-8.09
2025-07-16,CHIPOTLE 2244,-12.64
2025-07-16,AMAZON.COM*MKTPLACE,-57.25
2025-07-16,KAISER PERMANENTE MEDICAL,-343.71
2025-07-17,HOA DUES - OAKRIDGE HOMEOWNERS,-285.0
2025-07-17,APPLE.COM/BILL ICLOUD,-9.99
2025-07-17,CLASSPASS INC,-79.0
2025-07-17,STARBUCKS STORE 09122,-8.08
2025-07-17,HOME DEPOT #6612,-39.39
2025-07-17,BANANA REPUBLIC SHOP,-142.42
2025-07-17,DIRECT DEPOSIT PAYROLL,9800.0
2025-07-18,ADOBE CREATIVE CLOUD,-59.99
2025-07-18,COSTCO WHOLESALE #1103,-221.29
2025-07-18,BARREL HOUSE BREWERY,-82.09
2025-07-18,DIRECT DEPOSIT PAYROLL - SPOUSE,6200.0
2025-07-19,TRADER JOES #221,-84.77
2025-07-19,WHOLE FOODS MARKET,-72.79
2025-07-20,DOORDASH*ORDER,-66.85
2025-07-20,SUSHI RAN RESTAURANT,-76.46
2025-07-20,AMAZON.COM*MKTPLACE,-95.62
2025-07-20,LYFT RIDE,-20.26
2025-07-20,BRIGHT SMILE DENTAL,-126.93
2025-07-21,UBEREATS,-32.88
2025-07-21,STARBUCKS STORE 09122,-8.15
2025-07-21,DIRECT DEPOSIT PAYROLL - SPOUSE,6200.0
2025-07-22,AMAZON.COM*MKTPLACE,-75.94
2025-07-23,WHOLE FOODS MARKET,-93.89
2025-07-23,CHIPOTLE 2244,-22.74
2025-07-23,LYFT RIDE,-17.75
2025-07-23,BART CLIPPER RELOAD,-40.0
2025-07-23,CVS/PHARMACY #4471,-60.26
2025-07-24,CHEWY.COM PET SUPPLIES,-88.02
2025-07-24,UBEREATS,-48.66
2025-07-24,NAPOLI PIZZA KITCHEN,-57.16
2025-07-24,TARGET T-1189,-85.25
2025-07-25,BLUE BOTTLE COFFEE,-9.8
2025-07-25,AMAZON.COM*MKTPLACE,-54.86
2025-07-25,CVS/PHARMACY #4471,-51.41
2025-07-26,EBMUD WATER SERVICE,-104.02
2025-07-26,HBO MAX SUBSCRIPTION,-16.99
2025-07-26,BLUE BOTTLE COFFEE,-7.43
2025-07-26,BART CLIPPER RELOAD,-40.0
2025-07-27,NELNET STUDENT LOAN PMT,-412.0
2025-07-27,SAFEWAY #1842,-161.59
2025-07-27,PHILZ COFFEE,-6.23
2025-07-27,UBER TRIP,-17.97
2025-07-28,PG&E ENERGY STATEMENT,-190.29
2025-07-28,UBEREATS,-22.73
2025-07-28,CHEVRON 0093471,-66.2
2025-07-29,EQUINOX FITNESS SF,-215.0
2025-07-29,SAFEWAY #1842,-149.73
2025-07-29,STARBUCKS STORE 09122,-6.64
2025-07-29,STARBUCKS STORE 09122,-5.72
2025-07-29,UBER TRIP,-25.09
2025-07-29,DIRECT DEPOSIT PAYROLL,9800.0
2025-07-30,YOUTUBE PREMIUM,-13.99
2025-07-30,SAFEWAY #1842,-170.34
2025-07-30,AMAZON.COM*MKTPLACE,-114.2
2025-07-30,SHELL OIL 574812,-58.03
2025-07-31,BRIGHT HORIZONS PRESCHOOL,-1850.0
2025-07-31,STARBUCKS STORE 09122,-10.02
2025-07-31,PHILZ COFFEE,-4.62
2025-07-31,SHELL OIL 574812,-51.95
2025-07-31,UBER TRIP,-36.04
2025-08-01,TRADER JOES #221,-58.09
2025-08-01,UBEREATS,-24.9
2025-08-01,PHILZ COFFEE,-8.02
2025-08-01,AMAZON.COM*MKTPLACE,-35.7
2025-08-02,VERIZON WIRELESS AUTOPAY,-139.01
2025-08-02,DOORDASH*ORDER,-38.71
2025-08-03,HOA DUES - OAKRIDGE HOMEOWNERS,-285.0
2025-08-03,DIRECT DEPOSIT PAYROLL,9800.0
2025-08-04,TRADER JOES #221,-80.07
2025-08-04,CHIPOTLE 2244,-12.56
2025-08-04,SHELL OIL 574812,-69.38
2025-08-06,APPLE.COM/BILL ICLOUD,-9.99
2025-08-06,STARBUCKS STORE 09122,-6.55
2025-08-06,AMAZON.COM*MKTPLACE,-30.78
2025-08-06,TARGET T-1189,-92.06
2025-08-07,STARBUCKS STORE 09122,-9.88
2025-08-07,STARBUCKS STORE 09122,-6.22
2025-08-07,PHILZ COFFEE,-7.59
2025-08-07,AMAZON.COM*MKTPLACE,-47.15
2025-08-07,BART CLIPPER RELOAD,-40.0
2025-08-07,BRIGHT SMILE DENTAL,-199.21
2025-08-07,BANANA REPUBLIC SHOP,-101.18
2025-08-08,HBO MAX SUBSCRIPTION,-16.99
2025-08-08,DOORDASH*ORDER,-71.09
2025-08-08,BLUE BOTTLE COFFEE,-6.08
2025-08-08,CHIPOTLE 2244,-12.78
2025-08-08,AMAZON.COM*MKTPLACE,-77.15
2025-08-09,GEICO AUTO INSURANCE,-168.0
2025-08-09,STARBUCKS STORE 09122,-8.45
2025-08-09,STARBUCKS STORE 09122,-6.58
2025-08-09,SHELL OIL 574812,-51.51
2025-08-09,UBER TRIP,-17.96
2025-08-10,CHEWY.COM PET SUPPLIES,-97.79
2025-08-10,UBEREATS,-49.15
2025-08-10,PHILZ COFFEE,-5.79
2025-08-10,BLUE BOTTLE COFFEE,-7.5
2025-08-10,UBER TRIP,-29.8
2025-08-11,SAFEWAY #1842,-92.8
2025-08-12,YOUTUBE PREMIUM,-13.99
2025-08-12,CHEVRON 0093471,-49.53
2025-08-13,DOORDASH*ORDER,-65.56
2025-08-13,DOORDASH*ORDER,-59.71
2025-08-13,AMAZON.COM*MKTPLACE,-110.95
2025-08-13,UBER TRIP,-35.27
2025-08-13,HOME DEPOT #6612,-144.14
2025-08-13,KAISER PERMANENTE MEDICAL,-225.43
2025-08-14,ADOBE CREATIVE CLOUD,-59.99
2025-08-14,COSTCO WHOLESALE #1103,-324.97
2025-08-14,AMAZON.COM*MKTPLACE,-101.41
2025-08-14,CVS/PHARMACY #4471,-52.28
2025-08-14,DIRECT DEPOSIT PAYROLL - SPOUSE,6200.0
2025-08-15,UBEREATS,-46.52
2025-08-15,NAPOLI PIZZA KITCHEN,-44.27
2025-08-16,DOORDASH*ORDER,-49.71
2025-08-16,STARBUCKS STORE 09122,-9.73
2025-08-17,CLASSPASS INC,-79.0
2025-08-17,SUSHI RAN RESTAURANT,-75.36
2025-08-17,BARREL HOUSE BREWERY,-54.28
2025-08-17,TARGET T-1189,-100.63
2025-08-17,BART CLIPPER RELOAD,-40.0
2025-08-18,SPOTIFY USA,-19.99
2025-08-18,CHIPOTLE 2244,-13.5
2025-08-18,SHELL OIL 574812,-46.95
2025-08-18,PETCO ANIMAL SUPPLIES,-81.93
2025-08-19,TRANSFER TO SAVINGS - VANGUARD,-2500.0
2025-08-19,DOORDASH*ORDER,-26.1
2025-08-20,BRIGHT HORIZONS PRESCHOOL,-1850.0
2025-08-20,NELNET STUDENT LOAN PMT,-412.0
2025-08-20,AMAZON.COM*MKTPLACE,-71.98
2025-08-20,UBER TRIP,-18.5
2025-08-21,HULU + DISNEY BUNDLE,-18.99
2025-08-21,TRADER JOES #221,-54.38
2025-08-21,STARBUCKS STORE 09122,-8.98
2025-08-21,STARBUCKS STORE 09122,-9.23
2025-08-21,BLUE BOTTLE COFFEE,-5.83
2025-08-22,SAFEWAY #1842,-190.63
2025-08-22,LYFT RIDE,-28.7
2025-08-23,COMCAST XFINITY INTERNET,-89.99
2025-08-23,NAPOLI PIZZA KITCHEN,-53.49
2025-08-24,SAFEWAY #1842,-69.69
2025-08-24,STARBUCKS STORE 09122,-9.36
2025-08-25,WELLS FARGO HM MORTGAGE PMT,-4298.06
2025-08-25,NETFLIX.COM,-22.99
2025-08-25,PHILZ COFFEE,-7.41
2025-08-25,BARREL HOUSE BREWERY,-79.38
2025-08-26,WHOLE FOODS MARKET,-134.8
2025-08-27,STARBUCKS STORE 09122,-8.49
2025-08-27,SHELL OIL 574812,-71.93
2025-08-27,CHEVRON 0093471,-42.43
2025-08-27,FRANCHISE TAX BOARD PMT,-1400.0
2025-08-28,PG&E ENERGY STATEMENT,-196.79
2025-08-28,EQUINOX FITNESS SF,-215.0
2025-08-28,TOYOTA FINANCIAL AUTO LOAN,-528.0
2025-08-28,SAFEWAY #1842,-139.48
2025-08-28,WHOLE FOODS MARKET,-62.07
2025-08-28,STARBUCKS STORE 09122,-5.34
2025-08-28,STARBUCKS STORE 09122,-9.82
2025-08-29,SAFEWAY #1842,-118.37
2025-08-29,AMAZON.COM*MKTPLACE,-65.95
2025-08-29,DIRECT DEPOSIT PAYROLL - SPOUSE,6200.0
2025-08-30,EBMUD WATER SERVICE,-106.4
2025-08-30,LYFT RIDE,-27.45
2025-08-31,CVS/PHARMACY #4471,-16.19
2025-08-31,DIRECT DEPOSIT PAYROLL,9800.0
2025-09-01,COMCAST XFINITY INTERNET,-89.99
2025-09-01,PHILZ COFFEE,-7.94
2025-09-01,CHEVRON 0093471,-63.32
2025-09-01,DIRECT DEPOSIT PAYROLL,9800.0
2025-09-02,WELLS FARGO HM MORTGAGE PMT,-4298.06
2025-09-02,UBEREATS,-22.9
2025-09-02,BART CLIPPER RELOAD,-40.0
2025-09-03,SPOTIFY USA,-19.99
2025-09-04,PG&E ENERGY STATEMENT,-247.83
2025-09-04,STARBUCKS STORE 09122,-8.87
2025-09-04,AMAZON.COM*MKTPLACE,-106.18
2025-09-05,DOORDASH*ORDER,-37.71
2025-09-05,PHILZ COFFEE,-4.58
2025-09-05,BLUE BOTTLE COFFEE,-9.79
2025-09-05,SHELL OIL 574812,-72.21
2025-09-05,CVS/PHARMACY #4471,-31.55
2025-09-06,STARBUCKS STORE 09122,-7.95
2025-09-07,YOUTUBE PREMIUM,-13.99
2025-09-07,STARBUCKS STORE 09122,-6.81
2025-09-08,STARBUCKS STORE 09122,-6.23
2025-09-08,STARBUCKS STORE 09122,-8.04
2025-09-08,BANANA REPUBLIC SHOP,-195.01
2025-09-09,AMAZON.COM*MKTPLACE,-38.98
2025-09-09,TARGET T-1189,-140.76
2025-09-10,GEICO AUTO INSURANCE,-168.0
2025-09-10,SAFEWAY #1842,-165.27
2025-09-10,DOORDASH*ORDER,-43.45
2025-09-10,NAPOLI PIZZA KITCHEN,-42.25
2025-09-10,SHELL OIL 574812,-59.62
2025-09-11,ADOBE CREATIVE CLOUD,-59.99
2025-09-11,BRIGHT HORIZONS PRESCHOOL,-1850.0
2025-09-11,DOORDASH*ORDER,-35.74
2025-09-11,LYFT RIDE,-30.84
2025-09-12,HBO MAX SUBSCRIPTION,-16.99
2025-09-12,NELNET STUDENT LOAN PMT,-412.0
2025-09-12,SHELL OIL 574812,-76.72
2025-09-12,SHELL OIL 574812,-58.98
2025-09-12,DIRECT DEPOSIT PAYROLL - SPOUSE,6200.0
2025-09-13,HOA DUES - OAKRIDGE HOMEOWNERS,-285.0
2025-09-13,AMAZON.COM*MKTPLACE,-24.87
2025-09-13,PETCO ANIMAL SUPPLIES,-28.08
2025-09-14,PHILZ COFFEE,-7.25
2025-09-14,BARREL HOUSE BREWERY,-74.51
2025-09-15,APPLE.COM/BILL ICLOUD,-9.99
2025-09-15,TRADER JOES #221,-44.49
2025-09-15,AMAZON.COM*MKTPLACE,-110.45
2025-09-15,TARGET T-1189,-63.06
2025-09-16,TRANSFER TO SAVINGS - VANGUARD,-2500.0
2025-09-16,COSTCO WHOLESALE #1103,-335.14
2025-09-16,UBER TRIP,-20.23
2025-09-17,STARBUCKS STORE 09122,-9.71
2025-09-18,EBMUD WATER SERVICE,-98.43
2025-09-18,SAFEWAY #1842,-114.49
2025-09-18,DOORDASH*ORDER,-67.25
2025-09-18,STARBUCKS STORE 09122,-8.37
2025-09-19,VERIZON WIRELESS AUTOPAY,-142.63
2025-09-19,NETFLIX.COM,-22.99
2025-09-19,TRADER JOES #221,-87.62
2025-09-19,UBEREATS,-38.72
2025-09-19,AMAZON.COM*MKTPLACE,-26.31
2025-09-19,BART CLIPPER RELOAD,-40.0
2025-09-20,EQUINOX FITNESS SF,-215.0
2025-09-20,WHOLE FOODS MARKET,-106.14
2025-09-20,WHOLE FOODS MARKET,-91.8
2025-09-20,DOORDASH*ORDER,-57.35
2025-09-20,UBER TRIP,-34.55
2025-09-20,DIRECT DEPOSIT PAYROLL,9800.0
2025-09-21,SAFEWAY #1842,-175.44
2025-09-21,SAFEWAY #1842,-181.73
2025-09-21,UBEREATS,-19.62
2025-09-21,STARBUCKS STORE 09122,-5.36
2025-09-21,PHILZ COFFEE,-4.98
2025-09-21,BLUE BOTTLE COFFEE,-8.94
2025-09-22,TRADER JOES #221,-59.52
2025-09-22,STARBUCKS STORE 09122,-9.83
2025-09-22,STARBUCKS STORE 09122,-6.92
2025-09-22,CHIPOTLE 2244,-17.72
2025-09-22,SUSHI RAN RESTAURANT,-160.82
2025-09-22,NAPOLI PIZZA KITCHEN,-54.48
2025-09-22,AMAZON.COM*MKTPLACE,-49.8
2025-09-22,CHEVRON 0093471,-50.89
2025-09-23,TOYOTA FINANCIAL AUTO LOAN,-528.0
2025-09-23,AMAZON.COM*MKTPLACE,-31.43
2025-09-24,SAFEWAY #1842,-88.95
2025-09-25,BLUE BOTTLE COFFEE,-6.61
2025-09-26,CHEWY.COM PET SUPPLIES,-73.53
2025-09-26,STARBUCKS STORE 09122,-7.06
2025-09-26,UBER TRIP,-36.27
2025-09-26,LYFT RIDE,-28.71
2025-09-27,UBER TRIP,-17.22
2025-09-27,HOME DEPOT #6612,-244.63
2025-09-27,DIRECT DEPOSIT PAYROLL - SPOUSE,6200.0
2025-09-28,HULU + DISNEY BUNDLE,-18.99
2025-09-28,CHIPOTLE 2244,-13.02
2025-09-28,BARREL HOUSE BREWERY,-78.27
2025-09-29,CLASSPASS INC,-79.0
2025-09-29,CHIPOTLE 2244,-12.95
2025-09-29,AMAZON.COM*MKTPLACE,-56.69
2025-09-30,DOORDASH*ORDER,-63.97
2025-09-30,STARBUCKS STORE 09122,-5.67
2025-09-30,CVS/PHARMACY #4471,-25.36
2025-10-01,CVS/PHARMACY #4471,-34.39
2025-10-01,KAISER PERMANENTE MEDICAL,-229.88
2025-10-02,HBO MAX SUBSCRIPTION,-16.99
2025-10-02,STARBUCKS STORE 09122,-8.47
2025-10-02,BART CLIPPER RELOAD,-40.0
2025-10-02,HOME DEPOT #6612,-119.5
2025-10-03,BRIGHT HORIZONS PRESCHOOL,-1850.0
2025-10-03,SAFEWAY #1842,-174.84
2025-10-03,DOORDASH*ORDER,-50.19
2025-10-03,STARBUCKS STORE 09122,-7.16
2025-10-04,AIRBNB * HMQ4X2,-942.23
2025-10-05,WELLS FARGO HM MORTGAGE PMT,-4298.06
2025-10-05,WHOLE FOODS MARKET,-112.91
2025-10-05,SHELL OIL 574812,-70.93
2025-10-06,UBEREATS,-35.19
2025-10-06,STARBUCKS STORE 09122,-7.08
2025-10-06,STARBUCKS STORE 09122,-9.69
2025-10-06,CVS/PHARMACY #4471,-51.23
2025-10-07,STARBUCKS STORE 09122,-5.57
2025-10-07,NAPOLI PIZZA KITCHEN,-44.23
2025-10-07,AMAZON.COM*MKTPLACE,-29.7
2025-10-07,LYFT RIDE,-22.18
2025-10-08,EBMUD WATER SERVICE,-106.94
2025-10-08,BLUE BOTTLE COFFEE,-9.48
2025-10-08,AMAZON.COM*MKTPLACE,-109.35
2025-10-08,CHEVRON 0093471,-67.01
2025-10-09,COSTCO WHOLESALE #1103,-180.47
2025-10-09,STARBUCKS STORE 09122,-5.13
2025-10-09,BLUE BOTTLE COFFEE,-7.85
2025-10-09,AMAZON.COM*MKTPLACE,-60.99
2025-10-09,CHEVRON 0093471,-62.4
2025-10-10,CLASSPASS INC,-79.0
2025-10-10,UBER TRIP,-20.47
2025-10-10,BART CLIPPER RELOAD,-40.0
2025-10-12,VERIZON WIRELESS AUTOPAY,-143.92
2025-10-12,TRADER JOES #221,-59.74
2025-10-12,CHIPOTLE 2244,-21.79
2025-10-12,SUSHI RAN RESTAURANT,-115.33
2025-10-12,NAPOLI PIZZA KITCHEN,-34.5
2025-10-12,AMAZON.COM*MKTPLACE,-21.38
2025-10-12,UNITED AIRLINES 0162,-521.31
2025-10-13,SPOTIFY USA,-19.99
2025-10-13,SAFEWAY #1842,-102.22
2025-10-13,SAFEWAY #1842,-81.34
2025-10-13,STARBUCKS STORE 09122,-5.24
2025-10-14,HOA DUES - OAKRIDGE HOMEOWNERS,-285.0
2025-10-14,DOORDASH*ORDER,-27.11
2025-10-15,PG&E ENERGY STATEMENT,-254.29
2025-10-15,BARREL HOUSE BREWERY,-38.46
2025-10-16,STARBUCKS STORE 09122,-5.88
2025-10-16,UBER TRIP,-12.9
2025-10-17,PHILZ COFFEE,-6.41
2025-10-17,SHELL OIL 574812,-66.74
2025-10-18,TRANSFER TO SAVINGS - VANGUARD,-2500.0
2025-10-18,DOORDASH*ORDER,-61.65
2025-10-18,UBEREATS,-27.67
2025-10-18,PHILZ COFFEE,-5.96
2025-10-18,CHIPOTLE 2244,-19.64
2025-10-18,BARREL HOUSE BREWERY,-60.8
2025-10-19,STARBUCKS STORE 09122,-8.55
2025-10-20,NETFLIX.COM,-22.99
2025-10-20,APPLE.COM/BILL ICLOUD,-9.99
2025-10-20,WHOLE FOODS MARKET,-71.06
2025-10-20,DOORDASH*ORDER,-47.28
2025-10-20,AMAZON.COM*MKTPLACE,-75.3
2025-10-20,TARGET T-1189,-64.99
2025-10-20,UBER TRIP,-39.85
2025-10-20,ETSY.COM PURCHASE,-47.93
2025-10-21,DOORDASH*ORDER,-67.88
2025-10-21,CHIPOTLE 2244,-20.77
2025-10-21,LYFT RIDE,-9.27
2025-10-21,DIRECT DEPOSIT PAYROLL,9800.0
2025-10-22,SHELL OIL 574812,-72.78
2025-10-22,SHELL OIL 574812,-64.31
2025-10-23,DIRECT DEPOSIT PAYROLL - SPOUSE,6200.0
2025-10-24,CHEWY.COM PET SUPPLIES,-98.87
2025-10-24,NELNET STUDENT LOAN PMT,-412.0
2025-10-24,PHILZ COFFEE,-7.38
2025-10-24,AMAZON.COM*MKTPLACE,-102.98
2025-10-24,DIRECT DEPOSIT PAYROLL - SPOUSE,6200.0
2025-10-25,COMCAST XFINITY INTERNET,-89.99
2025-10-25,HULU + DISNEY BUNDLE,-18.99
2025-10-25,BANANA REPUBLIC SHOP,-125.2
2025-10-26,EQUINOX FITNESS SF,-215.0
2025-10-26,TRADER JOES #221,-81.32
2025-10-26,STARBUCKS STORE 09122,-6.25
2025-10-26,WAYFAIR ORDER,-331.7
2025-10-27,STARBUCKS STORE 09122,-9.15
2025-10-27,BLUE BOTTLE COFFEE,-8.27
2025-10-27,AMAZON.COM*MKTPLACE,-88.49
2025-10-27,TARGET T-1189,-94.95
2025-10-28,GEICO AUTO INSURANCE,-168.0
2025-10-28,SAFEWAY #1842,-177.0
2025-10-28,SAFEWAY #1842,-110.99
2025-10-28,STARBUCKS STORE 09122,-8.46
2025-10-29,ADOBE CREATIVE CLOUD,-59.99
2025-10-29,TRADER JOES #221,-105.95
2025-10-29,AMAZON.COM*MKTPLACE,-110.13
2025-10-29,UBER TRIP,-18.08
2025-10-29,PETCO ANIMAL SUPPLIES,-36.51
2025-10-30,YOUTUBE PREMIUM,-13.99
2025-10-30,TOYOTA FINANCIAL AUTO LOAN,-528.0
2025-10-30,DOORDASH*ORDER,-55.56
2025-10-30,DIRECT DEPOSIT PAYROLL,9800.0
2025-10-31,UBEREATS,-47.01
2025-10-31,PHILZ COFFEE,-7.13
2025-11-01,DIRECT DEPOSIT PAYROLL - SPOUSE,6200.0
2025-11-02,WELLS FARGO HM MORTGAGE PMT,-4298.06
2025-11-02,YOUTUBE PREMIUM,-13.99
2025-11-02,AMAZON.COM*MKTPLACE,-22.04
2025-11-02,UBER TRIP,-30.85
2025-11-02,BART CLIPPER RELOAD,-40.0
2025-11-03,EBMUD WATER SERVICE,-78.75
2025-11-03,SAFEWAY #1842,-176.17
2025-11-03,PHILZ COFFEE,-6.05
2025-11-03,SHELL OIL 574812,-74.27
2025-11-04,TOYOTA FINANCIAL AUTO LOAN,-528.0
2025-11-04,TRADER JOES #221,-46.27
2025-11-04,BLUE BOTTLE COFFEE,-7.57
2025-11-05,STARBUCKS STORE 09122,-5.27
2025-11-05,BLUE BOTTLE COFFEE,-8.38
2025-11-06,CLASSPASS INC,-79.0
2025-11-06,NELNET STUDENT LOAN PMT,-412.0
2025-11-07,AMAZON.COM*MKTPLACE,-89.13
2025-11-07,LYFT RIDE,-29.88
2025-11-07,IKEA EMERYVILLE,-246.08
2025-11-08,STARBUCKS STORE 09122,-7.16
2025-11-08,STARBUCKS STORE 09122,-8.82
2025-11-08,NAPOLI PIZZA KITCHEN,-44.03
2025-11-08,CHEVRON 0093471,-72.31
2025-11-08,ETSY.COM PURCHASE,-91.04
2025-11-09,PHILZ COFFEE,-6.3
2025-11-09,BARREL HOUSE BREWERY,-37.91
2025-11-09,AMAZON.COM*MKTPLACE,-69.03
2025-11-10,SAFEWAY #1842,-169.86
2025-11-10,STARBUCKS STORE 09122,-5.71
2025-11-10,AMAZON.COM*MKTPLACE,-107.4
2025-11-11,COMCAST XFINITY INTERNET,-89.99
2025-11-11,TRANSFER TO SAVINGS - VANGUARD,-2500.0
2025-11-11,STARBUCKS STORE 09122,-8.17
2025-11-11,PHILZ COFFEE,-5.53
2025-11-11,PETCO ANIMAL SUPPLIES,-52.96
2025-11-12,HOA DUES - OAKRIDGE HOMEOWNERS,-285.0
2025-11-12,COSTCO WHOLESALE #1103,-250.03
2025-11-12,STARBUCKS STORE 09122,-8.94
2025-11-12,CHIPOTLE 2244,-21.06
2025-11-12,AMAZON.COM*MKTPLACE,-30.57
2025-11-13,LYFT RIDE,-31.75
2025-11-14,TRADER JOES #221,-101.39
2025-11-14,STARBUCKS STORE 09122,-10.12
2025-11-15,NETFLIX.COM,-22.99
2025-11-15,UBEREATS,-20.75
2025-11-15,SHELL OIL 574812,-62.55
2025-11-16,EQUINOX FITNESS SF,-215.0
2025-11-16,UBEREATS,-23.24
2025-11-17,CHEWY.COM PET SUPPLIES,-59.7
2025-11-17,DIRECT DEPOSIT PAYROLL - SPOUSE,6200.0
2025-11-18,VERIZON WIRELESS AUTOPAY,-138.04
2025-11-18,BRIGHT HORIZONS PRESCHOOL,-1850.0
2025-11-18,BARREL HOUSE BREWERY,-82.18
2025-11-18,NAPOLI PIZZA KITCHEN,-42.59
2025-11-18,SHELL OIL 574812,-48.73
2025-11-18,HOME DEPOT #6612,-92.15
2025-11-19,SPOTIFY USA,-19.99
2025-11-19,SAFEWAY #1842,-69.39
2025-11-19,CHIPOTLE 2244,-16.01
2025-11-19,SHELL OIL 574812,-44.28
2025-11-20,SAFEWAY #1842,-88.41
2025-11-20,TRADER JOES #221,-52.81
2025-11-20,WHOLE FOODS MARKET,-75.65
2025-11-20,DOORDASH*ORDER,-41.01
2025-11-20,AMAZON.COM*MKTPLACE,-81.25
2025-11-20,CVS/PHARMACY #4471,-56.51
2025-11-21,STARBUCKS STORE 09122,-8.67
2025-11-21,STARBUCKS STORE 09122,-10.44
2025-11-21,PHILZ COFFEE,-5.05
2025-11-22,SAFEWAY #1842,-104.29
2025-11-22,DOORDASH*ORDER,-65.7
2025-11-22,STARBUCKS STORE 09122,-5.86
2025-11-22,AMAZON.COM*MKTPLACE,-112.73
2025-11-23,WHOLE FOODS MARKET,-112.21
2025-11-23,DOORDASH*ORDER,-70.04
2025-11-23,DOORDASH*ORDER,-48.77
2025-11-23,UBEREATS,-44.85
2025-11-23,SUSHI RAN RESTAURANT,-114.0
2025-11-23,BART CLIPPER RELOAD,-40.0
2025-11-23,BRIGHT SMILE DENTAL,-202.21
2025-11-24,APPLE.COM/BILL ICLOUD,-9.99
2025-11-24,AMAZON.COM*MKTPLACE,-77.91
2025-11-24,UBER TRIP,-11.52
2025-11-24,UBER TRIP,-32.65
2025-11-25,DOORDASH*ORDER,-41.84
2025-11-25,STARBUCKS STORE 09122,-8.04
2025-11-25,CHIPOTLE 2244,-16.4
2025-11-26,PG&E ENERGY STATEMENT,-175.04
2025-11-26,ADOBE CREATIVE CLOUD,-59.99
2025-11-26,DOORDASH*ORDER,-51.35
2025-11-26,BLUE BOTTLE COFFEE,-8.63
2025-11-26,TARGET T-1189,-56.53
2025-11-26,UBER TRIP,-36.92
2025-11-27,HULU + DISNEY BUNDLE,-18.99
2025-11-28,GEICO AUTO INSURANCE,-168.0
2025-11-28,STARBUCKS STORE 09122,-6.46
2025-11-28,DIRECT DEPOSIT PAYROLL,9800.0
2025-11-29,TARGET T-1189,-41.63
2025-11-29,DIRECT DEPOSIT PAYROLL,9800.0
2025-11-30,HBO MAX SUBSCRIPTION,-16.99
2025-11-30,CHEVRON 0093471,-47.09
2025-11-30,CVS/PHARMACY #4471,-33.81
2025-12-01,EQUINOX FITNESS SF,-215.0
2025-12-01,STARBUCKS STORE 09122,-5.52
2025-12-01,BARREL HOUSE BREWERY,-66.18
2025-12-01,CVS/PHARMACY #4471,-60.63
2025-12-02,VERIZON WIRELESS AUTOPAY,-138.24
2025-12-02,DOORDASH*ORDER,-31.16
2025-12-02,STARBUCKS STORE 09122,-5.23
2025-12-02,BLUE BOTTLE COFFEE,-10.28
2025-12-02,BARREL HOUSE BREWERY,-91.37
2025-12-03,HOA DUES - OAKRIDGE HOMEOWNERS,-285.0
2025-12-03,APPLE.COM/BILL ICLOUD,-9.99
2025-12-03,STARBUCKS STORE 09122,-7.35
2025-12-03,BLUE BOTTLE COFFEE,-10.28
2025-12-03,AMAZON.COM*MKTPLACE,-75.71
2025-12-03,AMAZON.COM*MKTPLACE,-49.53
2025-12-04,DOORDASH*ORDER,-34.7
2025-12-04,CHIPOTLE 2244,-20.45
2025-12-04,BART CLIPPER RELOAD,-40.0
2025-12-05,PG&E ENERGY STATEMENT,-147.65
2025-12-05,SPOTIFY USA,-19.99
2025-12-06,PHILZ COFFEE,-8.14
2025-12-06,CVS/PHARMACY #4471,-30.04
2025-12-07,CHEWY.COM PET SUPPLIES,-103.75
2025-12-07,CHIPOTLE 2244,-18.54
2025-12-07,SHELL OIL 574812,-71.35
2025-12-07,UBER TRIP,-13.14
2025-12-08,NETFLIX.COM,-22.99
2025-12-08,YOUTUBE PREMIUM,-13.99
2025-12-08,TRADER JOES #221,-45.92
2025-12-08,STARBUCKS STORE 09122,-8.64
2025-12-08,AMAZON.COM*MKTPLACE,-97.89
2025-12-08,BANANA REPUBLIC SHOP,-203.75
2025-12-09,LYFT RIDE,-17.1
2025-12-10,EBMUD WATER SERVICE,-106.87
2025-12-10,BRIGHT HORIZONS PRESCHOOL,-1850.0
2025-12-10,NELNET STUDENT LOAN PMT,-412.0
2025-12-10,WHOLE FOODS MARKET,-118.26
2025-12-10,STARBUCKS STORE 09122,-8.98
2025-12-10,PHILZ COFFEE,-6.68
2025-12-11,ADOBE CREATIVE CLOUD,-59.99
2025-12-11,UBEREATS,-22.67
2025-12-12,UBEREATS,-58.33
2025-12-12,SHELL OIL 574812,-66.58
2025-12-13,HULU + DISNEY BUNDLE,-18.99
2025-12-13,UBER TRIP,-22.81
2025-12-14,STARBUCKS STORE 09122,-6.63
2025-12-14,TARGET T-1189,-85.01
2025-12-14,UBER TRIP,-26.31
2025-12-14,WAYFAIR ORDER,-214.41
2025-12-15,WHOLE FOODS MARKET,-131.46
2025-12-15,STARBUCKS STORE 09122,-9.28
2025-12-15,STARBUCKS STORE 09122,-9.65
2025-12-15,SUSHI RAN RESTAURANT,-89.45
2025-12-16,TRANSFER TO SAVINGS - VANGUARD,-2500.0
2025-12-16,AMAZON.COM*MKTPLACE,-37.48
2025-12-17,GEICO AUTO INSURANCE,-168.0
2025-12-17,HBO MAX SUBSCRIPTION,-16.99
2025-12-17,UBEREATS,-40.88
2025-12-17,PHILZ COFFEE,-7.36
2025-12-17,BART CLIPPER RELOAD,-40.0
2025-12-18,BLUE BOTTLE COFFEE,-9.84
2025-12-18,AMAZON.COM*MKTPLACE,-65.49
2025-12-18,SHELL OIL 574812,-65.19
2025-12-18,CHEVRON 0093471,-74.6
2025-12-18,UBER TRIP,-41.08
2025-12-18,UNITED AIRLINES 0162,-885.96
2025-12-19,DIRECT DEPOSIT PAYROLL,9800.0
2025-12-20,SAFEWAY #1842,-105.41
2025-12-21,COMCAST XFINITY INTERNET,-89.99
2025-12-21,DOORDASH*ORDER,-54.23
2025-12-21,STARBUCKS STORE 09122,-10.13
2025-12-21,LYFT RIDE,-24.37
2025-12-22,WELLS FARGO HM MORTGAGE PMT,-4298.06
2025-12-22,CLASSPASS INC,-79.0
2025-12-22,NAPOLI PIZZA KITCHEN,-49.28
2025-12-23,SAFEWAY #1842,-125.15
2025-12-24,TRADER JOES #221,-91.39
2025-12-24,STARBUCKS STORE 09122,-5.32
2025-12-24,TARGET T-1189,-133.56
2025-12-24,HOME DEPOT #6612,-191.92
2025-12-24,EXPEDIA TRAVEL,-354.68
2025-12-25,SAFEWAY #1842,-85.0
2025-12-25,COSTCO WHOLESALE #1103,-220.05
2025-12-25,DOORDASH*ORDER,-50.89
2025-12-26,TOYOTA FINANCIAL AUTO LOAN,-528.0
2025-12-26,SAFEWAY #1842,-121.89
2025-12-26,CHIPOTLE 2244,-13.94
2025-12-26,AMAZON.COM*MKTPLACE,-105.41
2025-12-27,TRADER JOES #221,-81.76
2025-12-27,STARBUCKS STORE 09122,-10.41
2025-12-27,DIRECT DEPOSIT PAYROLL,9800.0
2025-12-27,DIRECT DEPOSIT PAYROLL - SPOUSE,6200.0
2025-12-28,SAFEWAY #1842,-108.62
2025-12-28,DOORDASH*ORDER,-42.4
2025-12-28,PHILZ COFFEE,-6.08
2025-12-28,AMAZON.COM*MKTPLACE,-59.14
2025-12-28,AMAZON.COM*MKTPLACE,-70.16
2025-12-28,CHEVRON 0093471,-71.78
2025-12-28,PETCO ANIMAL SUPPLIES,-62.23
2025-12-29,STARBUCKS STORE 09122,-5.89
2025-12-29,NAPOLI PIZZA KITCHEN,-54.95
2025-12-29,DIRECT DEPOSIT PAYROLL - SPOUSE,6200.0
2025-12-30,DOORDASH*ORDER,-45.66
2025-12-31,SHELL OIL 574812,-77.45
2026-01-01,CLASSPASS INC,-79.0
2026-01-01,SAFEWAY #1842,-183.42
2026-01-02,BLUE BOTTLE COFFEE,-7.69
2026-01-02,TARGET T-1189,-147.66
2026-01-03,HOA DUES - OAKRIDGE HOMEOWNERS,-285.0
2026-01-03,SAFEWAY #1842,-177.43
2026-01-03,SUSHI RAN RESTAURANT,-148.98
2026-01-04,NAPOLI PIZZA KITCHEN,-34.46
2026-01-04,ETSY.COM PURCHASE,-64.9
2026-01-05,CHEWY.COM PET SUPPLIES,-53.61
2026-01-05,AMAZON.COM*MKTPLACE,-61.16
2026-01-06,EBMUD WATER SERVICE,-81.13
2026-01-06,BRIGHT HORIZONS PRESCHOOL,-1850.0
2026-01-06,COSTCO WHOLESALE #1103,-176.35
2026-01-06,STARBUCKS STORE 09122,-5.12
2026-01-06,BLUE BOTTLE COFFEE,-6.69
2026-01-06,KAISER PERMANENTE MEDICAL,-192.68
2026-01-08,EQUINOX FITNESS SF,-215.0
2026-01-08,TRADER JOES #221,-103.58
2026-01-08,DOORDASH*ORDER,-42.72
2026-01-08,UBEREATS,-42.79
2026-01-08,AMAZON.COM*MKTPLACE,-109.5
2026-01-08,CVS/PHARMACY #4471,-43.18
2026-01-09,SPOTIFY USA,-19.99
2026-01-09,STARBUCKS STORE 09122,-7.48
2026-01-09,CVS/PHARMACY #4471,-41.89
2026-01-10,DOORDASH*ORDER,-59.5
2026-01-10,BANANA REPUBLIC SHOP,-52.49
2026-01-11,TRANSFER TO SAVINGS - VANGUARD,-2500.0
2026-01-11,DOORDASH*ORDER,-44.83
2026-01-11,CHIPOTLE 2244,-20.49
2026-01-11,BARREL HOUSE BREWERY,-77.09
2026-01-11,AMAZON.COM*MKTPLACE,-61.79
2026-01-11,DIRECT DEPOSIT PAYROLL,9800.0
2026-01-12,TOYOTA FINANCIAL AUTO LOAN,-528.0
2026-01-12,STARBUCKS STORE 09122,-6.34
2026-01-12,UBER TRIP,-41.56
2026-01-13,SAFEWAY #1842,-89.39
2026-01-13,UBEREATS,-47.13
2026-01-13,NAPOLI PIZZA KITCHEN,-45.92
2026-01-13,SHELL OIL 574812,-66.88
2026-01-14,NELNET STUDENT LOAN PMT,-412.0
2026-01-14,UBER TRIP,-33.1
2026-01-14,LYFT RIDE,-15.41
2026-01-15,STARBUCKS STORE 09122,-6.62
2026-01-15,STARBUCKS STORE 09122,-6.22
2026-01-15,AMAZON.COM*MKTPLACE,-115.51
2026-01-16,STARBUCKS STORE 09122,-7.72
2026-01-16,CHIPOTLE 2244,-21.59
2026-01-17,SAFEWAY #1842,-88.62
2026-01-17,DOORDASH*ORDER,-35.93
2026-01-17,AMAZON.COM*MKTPLACE,-96.7
2026-01-17,CHEVRON 0093471,-64.6
2026-01-17,BART CLIPPER RELOAD,-40.0
2026-01-17,DIRECT DEPOSIT PAYROLL,9800.0
2026-01-17,DIRECT DEPOSIT PAYROLL - SPOUSE,6200.0
2026-01-18,COMCAST XFINITY INTERNET,-89.99
2026-01-18,STARBUCKS STORE 09122,-6.77
2026-01-18,SHELL OIL 574812,-53.72
2026-01-19,TRADER JOES #221,-65.88
2026-01-20,PHILZ COFFEE,-7.56
2026-01-20,BLUE BOTTLE COFFEE,-7.19
2026-01-20,UBER TRIP,-33.96
2026-01-21,WHOLE FOODS MARKET,-85.31
2026-01-21,DOORDASH*ORDER,-21.32
2026-01-21,STARBUCKS STORE 09122,-8.67
2026-01-21,LYFT RIDE,-30.81
2026-01-22,AMAZON.COM*MKTPLACE,-107.07
2026-01-23,PG&E ENERGY STATEMENT,-192.57
2026-01-23,BARREL HOUSE BREWERY,-49.74
2026-01-23,TARGET T-1189,-78.09
2026-01-23,PETCO ANIMAL SUPPLIES,-34.24
2026-01-24,HBO MAX SUBSCRIPTION,-16.99
2026-01-24,STARBUCKS STORE 09122,-7.92
2026-01-24,CHEVRON 0093471,-56.16
2026-01-24,BART CLIPPER RELOAD,-40.0
2026-01-25,APPLE.COM/BILL ICLOUD,-9.99
2026-01-25,AMAZON.COM*MKTPLACE,-79.36
2026-01-25,BRIGHT SMILE DENTAL,-186.8
2026-01-26,NETFLIX.COM,-22.99
2026-01-26,TRADER JOES #221,-66.2
2026-01-26,STARBUCKS STORE 09122,-7.13
2026-01-26,AMAZON.COM*MKTPLACE,-67.39
2026-01-26,UBER TRIP,-11.87
2026-01-27,PHILZ COFFEE,-6.45
2026-01-27,SHELL OIL 574812,-46.47
2026-01-27,HOME DEPOT #6612,-180.03
2026-01-28,YOUTUBE PREMIUM,-13.99
2026-01-28,ADOBE CREATIVE CLOUD,-59.99
2026-01-28,PHILZ COFFEE,-5.59
2026-01-29,DOORDASH*ORDER,-63.77
2026-01-29,STARBUCKS STORE 09122,-8.05
2026-01-29,PHILZ COFFEE,-5.19
2026-01-29,DIRECT DEPOSIT PAYROLL - SPOUSE,6200.0
2026-01-30,GEICO AUTO INSURANCE,-168.0
2026-01-30,HULU + DISNEY BUNDLE,-18.99
2026-01-30,CHIPOTLE 2244,-16.95
2026-01-30,SHELL OIL 574812,-46.38
2026-01-31,WELLS FARGO HM MORTGAGE PMT,-4298.06
2026-01-31,VERIZON WIRELESS AUTOPAY,-146.1
2026-01-31,SAFEWAY #1842,-107.08
2026-01-31,WHOLE FOODS MARKET,-90.13
2026-01-31,UBEREATS,-45.89
2026-01-31,STARBUCKS STORE 09122,-8.13
2026-02-01,HULU + DISNEY BUNDLE,-18.99
2026-02-01,DOORDASH*ORDER,-45.15
2026-02-01,STARBUCKS STORE 09122,-9.21
2026-02-01,UBER TRIP,-23.13
2026-02-01,DIRECT DEPOSIT PAYROLL,9800.0
2026-02-02,GEICO AUTO INSURANCE,-168.0
2026-02-02,LYFT RIDE,-18.6
2026-02-03,CHIPOTLE 2244,-12.67
2026-02-03,SUSHI RAN RESTAURANT,-99.85
2026-02-03,UBER TRIP,-39.26
2026-02-03,CVS/PHARMACY #4471,-52.56
2026-02-04,DOORDASH*ORDER,-46.33
2026-02-04,UBEREATS,-44.1
2026-02-04,AMAZON.COM*MKTPLACE,-111.18
2026-02-04,PETCO ANIMAL SUPPLIES,-67.03
2026-02-05,TRADER JOES #221,-105.36
2026-02-06,HOA DUES - OAKRIDGE HOMEOWNERS,-285.0
2026-02-06,NAPOLI PIZZA KITCHEN,-34.33
2026-02-06,AMAZON.COM*MKTPLACE,-52.33
2026-02-07,EBMUD WATER SERVICE,-75.68
2026-02-07,STARBUCKS STORE 09122,-9.02
2026-02-07,BLUE BOTTLE COFFEE,-9.3
2026-02-07,CHIPOTLE 2244,-20.2
2026-02-07,AMAZON.COM*MKTPLACE,-28.82
2026-02-08,SPOTIFY USA,-19.99
2026-02-08,SAFEWAY #1842,-185.08
2026-02-08,WHOLE FOODS MARKET,-66.86
2026-02-08,STARBUCKS STORE 09122,-5.11
2026-02-08,NAPOLI PIZZA KITCHEN,-51.42
2026-02-08,AMAZON.COM*MKTPLACE,-28.55
2026-02-09,EQUINOX FITNESS SF,-215.0
2026-02-09,AMAZON.COM*MKTPLACE,-57.58
2026-02-09,DIRECT DEPOSIT PAYROLL - SPOUSE,6200.0
2026-02-10,COSTCO WHOLESALE #1103,-153.53
2026-02-10,STARBUCKS STORE 09122,-6.43
2026-02-10,STARBUCKS STORE 09122,-7.42
2026-02-11,SAFEWAY #1842,-64.35
2026-02-11,SAFEWAY #1842,-66.65
2026-02-11,AMAZON.COM*MKTPLACE,-98.54
2026-02-12,DOORDASH*ORDER,-69.61
2026-02-12,DOORDASH*ORDER,-57.01
2026-02-12,SHELL OIL 574812,-64.05
2026-02-12,SHELL OIL 574812,-67.74
2026-02-12,AIRBNB * HMQ4X2,-677.78
2026-02-12,BANANA REPUBLIC SHOP,-159.52
2026-02-13,UBEREATS,-49.57
2026-02-13,STARBUCKS STORE 09122,-9.21
2026-02-13,PHILZ COFFEE,-4.57
2026-02-13,BART CLIPPER RELOAD,-40.0
2026-02-13,BART CLIPPER RELOAD,-40.0
2026-02-15,PG&E ENERGY STATEMENT,-236.38
2026-02-15,NELNET STUDENT LOAN PMT,-412.0
2026-02-15,TOYOTA FINANCIAL AUTO LOAN,-528.0
2026-02-15,DOORDASH*ORDER,-46.43
2026-02-15,STARBUCKS STORE 09122,-7.08
2026-02-15,PHILZ COFFEE,-5.88
2026-02-15,TARGET T-1189,-146.67
2026-02-16,WELLS FARGO HM MORTGAGE PMT,-4298.06
2026-02-16,BRIGHT HORIZONS PRESCHOOL,-1850.0
2026-02-16,SAFEWAY #1842,-172.36
2026-02-16,BLUE BOTTLE COFFEE,-7.94
2026-02-17,HBO MAX SUBSCRIPTION,-16.99
2026-02-17,CHEWY.COM PET SUPPLIES,-87.35
2026-02-17,TRANSFER TO SAVINGS - VANGUARD,-2500.0
2026-02-17,DOORDASH*ORDER,-56.23
2026-02-17,CHEVRON 0093471,-70.33
2026-02-17,CHEVRON 0093471,-47.53
2026-02-17,UBER TRIP,-23.04
2026-02-17,DIRECT DEPOSIT PAYROLL - SPOUSE,6200.0
2026-02-18,APPLE.COM/BILL ICLOUD,-9.99
2026-02-18,CHIPOTLE 2244,-19.88
2026-02-18,AMAZON.COM*MKTPLACE,-69.65
2026-02-18,LYFT RIDE,-20.57
2026-02-19,COMCAST XFINITY INTERNET,-89.99
2026-02-19,NETFLIX.COM,-22.99
2026-02-19,WHOLE FOODS MARKET,-111.5
2026-02-20,YOUTUBE PREMIUM,-13.99
2026-02-20,ADOBE CREATIVE CLOUD,-59.99
2026-02-20,CLASSPASS INC,-79.0
2026-02-21,STARBUCKS STORE 09122,-5.79
2026-02-22,VERIZON WIRELESS AUTOPAY,-144.06
2026-02-22,STARBUCKS STORE 09122,-6.69
2026-02-22,PHILZ COFFEE,-6.7
2026-02-22,TARGET T-1189,-111.79
2026-02-23,TRADER JOES #221,-72.24
2026-02-24,UBEREATS,-50.31
2026-02-24,STARBUCKS STORE 09122,-9.68
2026-02-24,STARBUCKS STORE 09122,-6.22
2026-02-24,BARREL HOUSE BREWERY,-58.4
2026-02-25,SAFEWAY #1842,-87.82
2026-02-25,BLUE BOTTLE COFFEE,-7.09
2026-02-25,UBER TRIP,-33.15
2026-02-26,PHILZ COFFEE,-8.04
2026-02-27,BARREL HOUSE BREWERY,-88.45
2026-02-27,SHELL OIL 574812,-71.45
2026-02-27,DIRECT DEPOSIT PAYROLL,9800.0
2026-02-28,TRADER JOES #221,-67.87
2026-02-28,STARBUCKS STORE 09122,-9.76
2026-02-28,AMAZON.COM*MKTPLACE,-75.28
2026-02-28,SHELL OIL 574812,-49.03
2026-02-28,CVS/PHARMACY #4471,-47.51
2026-02-28,HOME DEPOT #6612,-154.18
2026-02-28,ETSY.COM PURCHASE,-92.76
2026-03-01,HULU + DISNEY BUNDLE,-18.99
2026-03-01,YOUTUBE PREMIUM,-13.99
2026-03-01,SAFEWAY #1842,-101.92
2026-03-01,TRADER JOES #221,-67.15
2026-03-01,SHELL OIL 574812,-53.76
2026-03-01,UBER TRIP,-18.72
2026-03-01,BART CLIPPER RELOAD,-40.0
2026-03-01,BRIGHT SMILE DENTAL,-258.36
2026-03-02,HOA DUES - OAKRIDGE HOMEOWNERS,-285.0
2026-03-02,DOORDASH*ORDER,-29.09
2026-03-02,STARBUCKS STORE 09122,-7.76
2026-03-02,UBER TRIP,-35.53
2026-03-03,CLASSPASS INC,-79.0
2026-03-03,TOYOTA FINANCIAL AUTO LOAN,-528.0
2026-03-03,STARBUCKS STORE 09122,-7.67
2026-03-03,BARREL HOUSE BREWERY,-84.7
2026-03-03,CHEVRON 0093471,-53.63
2026-03-04,ADOBE CREATIVE CLOUD,-59.99
2026-03-04,UBEREATS,-46.08
2026-03-04,CHIPOTLE 2244,-17.47
2026-03-04,AMAZON.COM*MKTPLACE,-45.47
2026-03-04,SHELL OIL 574812,-63.83
2026-03-04,CHEVRON 0093471,-46.21
2026-03-05,HBO MAX SUBSCRIPTION,-16.99
2026-03-05,WHOLE FOODS MARKET,-117.25
2026-03-06,TRADER JOES #221,-66.08
2026-03-06,BLUE BOTTLE COFFEE,-10.66
2026-03-06,HOME DEPOT #6612,-176.98
2026-03-07,COMCAST XFINITY INTERNET,-89.99
2026-03-07,SAFEWAY #1842,-167.12
2026-03-07,TRADER JOES #221,-75.96
2026-03-07,DOORDASH*ORDER,-62.73
2026-03-07,UBEREATS,-30.51
2026-03-07,STARBUCKS STORE 09122,-5.45
2026-03-08,WELLS FARGO HM MORTGAGE PMT,-4298.06
2026-03-08,UBEREATS,-37.11
2026-03-08,NAPOLI PIZZA KITCHEN,-57.38
2026-03-08,UBER TRIP,-28.81
2026-03-08,DIRECT DEPOSIT PAYROLL,9800.0
2026-03-08,DIRECT DEPOSIT PAYROLL - SPOUSE,6200.0
2026-03-09,STARBUCKS STORE 09122,-10.4
2026-03-09,STARBUCKS STORE 09122,-8.65
2026-03-10,TARGET T-1189,-87.3
2026-03-10,CVS/PHARMACY #4471,-51.16
2026-03-11,NELNET STUDENT LOAN PMT,-412.0
2026-03-11,NAPOLI PIZZA KITCHEN,-32.62
2026-03-11,AMAZON.COM*MKTPLACE,-45.24
2026-03-12,VERIZON WIRELESS AUTOPAY,-143.08
2026-03-12,AMAZON.COM*MKTPLACE,-37.27
2026-03-13,SAFEWAY #1842,-70.19
2026-03-13,DOORDASH*ORDER,-66.12
2026-03-13,SHELL OIL 574812,-46.97
2026-03-14,NETFLIX.COM,-22.99
2026-03-14,BLUE BOTTLE COFFEE,-8.49
2026-03-14,SUSHI RAN RESTAURANT,-139.19
2026-03-15,WHOLE FOODS MARKET,-131.42
2026-03-15,LYFT RIDE,-13.57
2026-03-16,APPLE.COM/BILL ICLOUD,-9.99
2026-03-16,SAFEWAY #1842,-132.24
2026-03-16,STARBUCKS STORE 09122,-6.05
2026-03-16,AMAZON.COM*MKTPLACE,-35.02
2026-03-16,CVS/PHARMACY #4471,-49.2
2026-03-17,DOORDASH*ORDER,-30.03
2026-03-17,CHIPOTLE 2244,-15.38
2026-03-17,AMAZON.COM*MKTPLACE,-45.78
2026-03-17,AMAZON.COM*MKTPLACE,-73.94
2026-03-18,STARBUCKS STORE 09122,-7.75
2026-03-18,PHILZ COFFEE,-7.61
2026-03-18,TARGET T-1189,-70.17
2026-03-18,LYFT RIDE,-14.51
2026-03-18,UNITED AIRLINES 0162,-657.19
2026-03-19,COSTCO WHOLESALE #1103,-244.03
2026-03-19,PHILZ COFFEE,-6.55
2026-03-19,AMAZON.COM*MKTPLACE,-66.74
2026-03-19,BART CLIPPER RELOAD,-40.0
2026-03-20,STARBUCKS STORE 09122,-6.76
2026-03-20,STARBUCKS STORE 09122,-10.58
2026-03-20,AMAZON.COM*MKTPLACE,-28.34
2026-03-21,DOORDASH*ORDER,-52.76
2026-03-21,CHIPOTLE 2244,-19.58
2026-03-23,PETCO ANIMAL SUPPLIES,-75.04
2026-03-24,CHEWY.COM PET SUPPLIES,-69.86
2026-03-24,STARBUCKS STORE 09122,-5.73
2026-03-24,DIRECT DEPOSIT PAYROLL,9800.0
2026-03-25,DOORDASH*ORDER,-44.85
2026-03-25,BLUE BOTTLE COFFEE,-10.61
2026-03-25,BARREL HOUSE BREWERY,-52.13
2026-03-27,EQUINOX FITNESS SF,-215.0
2026-03-27,PHILZ COFFEE,-6.63
2026-03-28,PG&E ENERGY STATEMENT,-227.35
2026-03-28,BRIGHT HORIZONS PRESCHOOL,-1850.0
2026-03-28,TRANSFER TO SAVINGS - VANGUARD,-2500.0
2026-03-28,PHILZ COFFEE,-6.84
2026-03-28,SHELL OIL 574812,-70.23
2026-03-29,GEICO AUTO INSURANCE,-168.0
2026-03-29,SPOTIFY USA,-19.99
2026-03-29,STARBUCKS STORE 09122,-5.34
2026-03-30,SAFEWAY #1842,-138.63
2026-03-30,STARBUCKS STORE 09122,-5.69
2026-03-30,DIRECT DEPOSIT PAYROLL - SPOUSE,6200.0
2026-03-31,EBMUD WATER SERVICE,-79.07
2026-03-31,UBER TRIP,-37.0
2026-04-01,STARBUCKS STORE 09122,-6.67
2026-04-01,BLUE BOTTLE COFFEE,-10.53
2026-04-01,SUSHI RAN RESTAURANT,-110.85
2026-04-02,STARBUCKS STORE 09122,-8.75
2026-04-03,WHOLE FOODS MARKET,-134.89
2026-04-03,UBEREATS,-43.24
2026-04-04,WELLS FARGO HM MORTGAGE PMT,-4298.06
2026-04-04,STARBUCKS STORE 09122,-9.1
2026-04-04,AMAZON.COM*MKTPLACE,-66.54
2026-04-04,AMAZON.COM*MKTPLACE,-39.56
2026-04-05,WHOLE FOODS MARKET,-95.12
2026-04-05,IKEA EMERYVILLE,-294.85
2026-04-06,PG&E ENERGY STATEMENT,-265.03
2026-04-06,APPLE.COM/BILL ICLOUD,-9.99
2026-04-06,TRADER JOES #221,-60.01
2026-04-06,AMAZON.COM*MKTPLACE,-28.84
2026-04-07,TOYOTA FINANCIAL AUTO LOAN,-528.0
2026-04-07,CHIPOTLE 2244,-21.48
2026-04-07,AMAZON.COM*MKTPLACE,-106.31
2026-04-07,SHELL OIL 574812,-73.12
2026-04-08,GEICO AUTO INSURANCE,-168.0
2026-04-08,SAFEWAY #1842,-98.28
2026-04-08,TRADER JOES #221,-47.22
2026-04-08,DOORDASH*ORDER,-33.86
2026-04-08,CHIPOTLE 2244,-14.17
2026-04-08,UBER TRIP,-39.06
2026-04-08,UBER TRIP,-36.12
2026-04-09,STARBUCKS STORE 09122,-7.54
2026-04-10,SAFEWAY #1842,-181.95
2026-04-10,TARGET T-1189,-146.98
2026-04-10,CHEVRON 0093471,-41.56
2026-04-11,BRIGHT HORIZONS PRESCHOOL,-1850.0
2026-04-11,SAFEWAY #1842,-112.47
2026-04-11,COSTCO WHOLESALE #1103,-166.75
2026-04-11,DOORDASH*ORDER,-50.11
2026-04-11,STARBUCKS STORE 09122,-9.27
2026-04-11,BARREL HOUSE BREWERY,-59.33
2026-04-11,AMAZON.COM*MKTPLACE,-97.31
2026-04-11,SHELL OIL 574812,-61.93
2026-04-12,BLUE BOTTLE COFFEE,-9.89
2026-04-12,DIRECT DEPOSIT PAYROLL,9800.0
2026-04-12,DIRECT DEPOSIT PAYROLL - SPOUSE,6200.0
2026-04-13,STARBUCKS STORE 09122,-5.16
2026-04-13,BARREL HOUSE BREWERY,-90.68
2026-04-13,SHELL OIL 574812,-47.41
2026-04-13,BART CLIPPER RELOAD,-40.0
2026-04-14,CLASSPASS INC,-79.0
2026-04-14,UBEREATS,-38.45
2026-04-14,STARBUCKS STORE 09122,-5.19
2026-04-14,STARBUCKS STORE 09122,-9.61
2026-04-14,PHILZ COFFEE,-7.82
2026-04-14,BLUE BOTTLE COFFEE,-8.29
2026-04-14,AMAZON.COM*MKTPLACE,-63.61
2026-04-14,CVS/PHARMACY #4471,-50.31
2026-04-15,STARBUCKS STORE 09122,-6.25
2026-04-16,SAFEWAY #1842,-161.37
2026-04-16,DOORDASH*ORDER,-41.09
2026-04-16,AMAZON.COM*MKTPLACE,-93.32
2026-04-17,COMCAST XFINITY INTERNET,-89.99
2026-04-17,UBER TRIP,-11.38
2026-04-18,TRANSFER TO SAVINGS - VANGUARD,-2500.0
2026-04-18,STARBUCKS STORE 09122,-9.68
2026-04-18,HOME DEPOT #6612,-155.48
2026-04-19,ADOBE CREATIVE CLOUD,-59.99
2026-04-19,EQUINOX FITNESS SF,-215.0
2026-04-19,DOORDASH*ORDER,-44.81
2026-04-19,PHILZ COFFEE,-5.22
2026-04-19,CHIPOTLE 2244,-15.18
2026-04-20,EBMUD WATER SERVICE,-96.56
2026-04-20,HBO MAX SUBSCRIPTION,-16.99
2026-04-21,PHILZ COFFEE,-4.9
2026-04-21,NAPOLI PIZZA KITCHEN,-60.71
2026-04-21,CVS/PHARMACY #4471,-32.8
2026-04-22,NELNET STUDENT LOAN PMT,-412.0
2026-04-22,STARBUCKS STORE 09122,-6.92
2026-04-22,PETCO ANIMAL SUPPLIES,-52.29
2026-04-22,UNITED AIRLINES 0162,-497.75
2026-04-22,DIRECT DEPOSIT PAYROLL - SPOUSE,6200.0
2026-04-23,VERIZON WIRELESS AUTOPAY,-139.5
2026-04-23,HULU + DISNEY BUNDLE,-18.99
2026-04-23,DOORDASH*ORDER,-46.8
2026-04-23,SHELL OIL 574812,-53.58
2026-04-24,NAPOLI PIZZA KITCHEN,-55.87
2026-04-24,AMAZON.COM*MKTPLACE,-27.38
2026-04-24,LYFT RIDE,-9.66
2026-04-24,LYFT RIDE,-19.43
2026-04-25,HOA DUES - OAKRIDGE HOMEOWNERS,-285.0
2026-04-25,CHEWY.COM PET SUPPLIES,-78.57
2026-04-25,STARBUCKS STORE 09122,-10.24
2026-04-25,PHILZ COFFEE,-8.07
2026-04-26,TRADER JOES #221,-61.19
2026-04-26,UBEREATS,-44.89
2026-04-26,UBER TRIP,-28.04
2026-04-26,BART CLIPPER RELOAD,-40.0
2026-04-28,YOUTUBE PREMIUM,-13.99
2026-04-28,SAFEWAY #1842,-77.9
2026-04-28,TARGET T-1189,-108.68
2026-04-28,DIRECT DEPOSIT PAYROLL,9800.0
2026-04-29,NETFLIX.COM,-22.99
2026-04-29,DOORDASH*ORDER,-38.76
2026-04-29,CHEVRON 0093471,-50.24
2026-04-30,SPOTIFY USA,-19.99
2026-05-01,STARBUCKS STORE 09122,-7.12
2026-05-01,STARBUCKS STORE 09122,-5.27
2026-05-01,STARBUCKS STORE 09122,-9.59
2026-05-01,STARBUCKS STORE 09122,-8.32
2026-05-01,BLUE BOTTLE COFFEE,-10.37
2026-05-01,AMAZON.COM*MKTPLACE,-89.47
2026-05-01,LYFT RIDE,-27.78
2026-05-01,HOME DEPOT #6612,-144.19
2026-05-02,DOORDASH*ORDER,-67.69
2026-05-02,STARBUCKS STORE 09122,-7.76
2026-05-02,CHIPOTLE 2244,-21.59
2026-05-02,PETCO ANIMAL SUPPLIES,-30.69
2026-05-03,SAFEWAY #1842,-105.09
2026-05-03,TRADER JOES #221,-67.34
2026-05-03,AMAZON.COM*MKTPLACE,-46.07
2026-05-04,STARBUCKS STORE 09122,-10.1
2026-05-04,BLUE BOTTLE COFFEE,-6.64
2026-05-04,SHELL OIL 574812,-78.16
2026-05-04,SHELL OIL 574812,-43.65
2026-05-04,DIRECT DEPOSIT PAYROLL,9800.0
2026-05-05,HOA DUES - OAKRIDGE HOMEOWNERS,-285.0
2026-05-05,VERIZON WIRELESS AUTOPAY,-148.74
2026-05-05,SAFEWAY #1842,-162.03
2026-05-05,UBEREATS,-35.03
2026-05-05,CHEVRON 0093471,-68.6
2026-05-05,UBER TRIP,-24.47
2026-05-06,YOUTUBE PREMIUM,-13.99
2026-05-07,UBEREATS,-38.12
2026-05-07,STARBUCKS STORE 09122,-9.46
2026-05-07,CHIPOTLE 2244,-18.05
2026-05-08,UBER TRIP,-15.64
2026-05-09,DOORDASH*ORDER,-63.06
2026-05-09,TARGET T-1189,-51.31
2026-05-10,GEICO AUTO INSURANCE,-168.0
2026-05-10,DOORDASH*ORDER,-25.53
2026-05-10,AMAZON.COM*MKTPLACE,-101.18
2026-05-10,IKEA EMERYVILLE,-315.07
2026-05-11,DOORDASH*ORDER,-28.26
2026-05-11,DOORDASH*ORDER,-69.3
2026-05-11,DOORDASH*ORDER,-46.92
2026-05-11,CVS/PHARMACY #4471,-28.99
2026-05-12,TRANSFER TO SAVINGS - VANGUARD,-2500.0
2026-05-12,SUSHI RAN RESTAURANT,-146.46
2026-05-12,BART CLIPPER RELOAD,-40.0
2026-05-13,PG&E ENERGY STATEMENT,-193.44
2026-05-13,STARBUCKS STORE 09122,-6.35
2026-05-13,UBER TRIP,-35.72
2026-05-13,BART CLIPPER RELOAD,-40.0
2026-05-14,COMCAST XFINITY INTERNET,-89.99
2026-05-14,NETFLIX.COM,-22.99
2026-05-15,SPOTIFY USA,-19.99
2026-05-15,SAFEWAY #1842,-143.97
2026-05-15,LYFT RIDE,-11.83
2026-05-16,CLASSPASS INC,-79.0
2026-05-16,CHEWY.COM PET SUPPLIES,-54.29
2026-05-16,TRADER JOES #221,-69.46
2026-05-17,WHOLE FOODS MARKET,-48.12
2026-05-18,BRIGHT HORIZONS PRESCHOOL,-1850.0
2026-05-18,NELNET STUDENT LOAN PMT,-412.0
2026-05-18,TOYOTA FINANCIAL AUTO LOAN,-528.0
2026-05-18,NAPOLI PIZZA KITCHEN,-38.04
2026-05-18,AMAZON.COM*MKTPLACE,-41.05
2026-05-19,WHOLE FOODS MARKET,-124.38
2026-05-20,EBMUD WATER SERVICE,-115.54
2026-05-20,STARBUCKS STORE 09122,-7.94
2026-05-20,BARREL HOUSE BREWERY,-48.58
2026-05-21,TARGET T-1189,-97.94
2026-05-22,ADOBE CREATIVE CLOUD,-59.99
2026-05-22,UBEREATS,-40.26
2026-05-22,BARREL HOUSE BREWERY,-61.16
2026-05-22,SHELL OIL 574812,-54.69
2026-05-22,CHEVRON 0093471,-52.66
2026-05-23,EQUINOX FITNESS SF,-215.0
2026-05-23,TRADER JOES #221,-86.48
2026-05-23,PHILZ COFFEE,-5.83
2026-05-23,PHILZ COFFEE,-7.94
2026-05-23,CVS/PHARMACY #4471,-23.96
2026-05-25,PHILZ COFFEE,-5.3
2026-05-25,UBER TRIP,-14.42
2026-05-26,HULU + DISNEY BUNDLE,-18.99
2026-05-27,BLUE BOTTLE COFFEE,-8.35
2026-05-27,NAPOLI PIZZA KITCHEN,-48.17
2026-05-27,AMAZON.COM*MKTPLACE,-77.09
2026-05-27,AMAZON.COM*MKTPLACE,-106.12
2026-05-27,DIRECT DEPOSIT PAYROLL,9800.0
2026-05-28,APPLE.COM/BILL ICLOUD,-9.99
2026-05-28,SAFEWAY #1842,-121.07
2026-05-28,STARBUCKS STORE 09122,-6.07
2026-05-29,SAFEWAY #1842,-64.58
2026-05-29,COSTCO WHOLESALE #1103,-291.45
2026-05-29,STARBUCKS STORE 09122,-5.21
2026-05-30,HBO MAX SUBSCRIPTION,-16.99
2026-05-30,CHIPOTLE 2244,-13.05
2026-05-30,AMAZON.COM*MKTPLACE,-108.25
2026-05-30,AMAZON.COM*MKTPLACE,-29.1
2026-05-30,DIRECT DEPOSIT PAYROLL - SPOUSE,6200.0
2026-05-31,WELLS FARGO HM MORTGAGE PMT,-4298.06
2026-05-31,STARBUCKS STORE 09122,-6.58
2026-05-31,PHILZ COFFEE,-4.83
2026-05-31,SHELL OIL 574812,-75.57
2026-05-31,DIRECT DEPOSIT PAYROLL - SPOUSE,6200.0
2026-06-01,ADOBE CREATIVE CLOUD,-59.99
2026-06-01,SAFEWAY #1842,-65.78
2026-06-01,DOORDASH*ORDER,-27.78
2026-06-01,BARREL HOUSE BREWERY,-42.68
2026-06-02,BLUE BOTTLE COFFEE,-7.09
2026-06-02,IKEA EMERYVILLE,-345.97
2026-06-03,TRANSFER TO SAVINGS - VANGUARD,-2500.0
2026-06-03,SAFEWAY #1842,-125.76
2026-06-03,NAPOLI PIZZA KITCHEN,-49.05
2026-06-04,GEICO AUTO INSURANCE,-168.0
2026-06-04,WHOLE FOODS MARKET,-100.77
2026-06-04,DOORDASH*ORDER,-47.58
2026-06-04,DOORDASH*ORDER,-49.46
2026-06-04,STARBUCKS STORE 09122,-5.66
2026-06-04,CHIPOTLE 2244,-19.81
2026-06-04,AMAZON.COM*MKTPLACE,-84.93
2026-06-04,SHELL OIL 574812,-70.33
2026-06-04,LYFT RIDE,-17.6
2026-06-04,PETCO ANIMAL SUPPLIES,-63.2
2026-06-05,WELLS FARGO HM MORTGAGE PMT,-4298.06
2026-06-05,CHEVRON 0093471,-73.53
2026-06-05,DIRECT DEPOSIT PAYROLL,9800.0
2026-06-06,PG&E ENERGY STATEMENT,-233.69
2026-06-06,YOUTUBE PREMIUM,-13.99
2026-06-06,NELNET STUDENT LOAN PMT,-412.0
2026-06-06,SAFEWAY #1842,-93.06
2026-06-06,STARBUCKS STORE 09122,-8.04
2026-06-07,DOORDASH*ORDER,-37.86
2026-06-07,BLUE BOTTLE COFFEE,-8.86
2026-06-07,CHEVRON 0093471,-54.78
2026-06-08,DOORDASH*ORDER,-54.05
2026-06-08,PHILZ COFFEE,-6.23
2026-06-08,NAPOLI PIZZA KITCHEN,-57.53
2026-06-08,UBER TRIP,-39.51
2026-06-09,EQUINOX FITNESS SF,-215.0
2026-06-09,STARBUCKS STORE 09122,-9.09
2026-06-10,VERIZON WIRELESS AUTOPAY,-139.27
2026-06-10,CLASSPASS INC,-79.0
2026-06-10,TOYOTA FINANCIAL AUTO LOAN,-528.0
2026-06-10,AMAZON.COM*MKTPLACE,-102.21
2026-06-10,BART CLIPPER RELOAD,-40.0
2026-06-10,CVS/PHARMACY #4471,-37.0
2026-06-12,HULU + DISNEY BUNDLE,-18.99
2026-06-12,TRADER JOES #221,-57.06
2026-06-12,STARBUCKS STORE 09122,-9.5
2026-06-12,CHIPOTLE 2244,-16.86
2026-06-12,AMAZON.COM*MKTPLACE,-43.46
2026-06-13,HBO MAX SUBSCRIPTION,-16.99
2026-06-13,UBEREATS,-23.7
2026-06-13,PHILZ COFFEE,-4.78
2026-06-13,SHELL OIL 574812,-63.72
2026-06-14,SAFEWAY #1842,-134.0
2026-06-14,PHILZ COFFEE,-5.17
2026-06-15,STARBUCKS STORE 09122,-6.17
2026-06-16,SHELL OIL 574812,-63.21
2026-06-17,UBEREATS,-55.3
2026-06-17,AMAZON.COM*MKTPLACE,-76.99
2026-06-17,BART CLIPPER RELOAD,-40.0
2026-06-17,HOME DEPOT #6612,-42.3
2026-06-18,EBMUD WATER SERVICE,-100.58
2026-06-18,PHILZ COFFEE,-5.3
2026-06-19,HOA DUES - OAKRIDGE HOMEOWNERS,-285.0
2026-06-19,STARBUCKS STORE 09122,-8.23
2026-06-19,STARBUCKS STORE 09122,-8.59
2026-06-19,STARBUCKS STORE 09122,-6.15
2026-06-19,DIRECT DEPOSIT PAYROLL - SPOUSE,6200.0
2026-06-19,DIRECT DEPOSIT PAYROLL - SPOUSE,6200.0
2026-06-20,BARREL HOUSE BREWERY,-49.09
2026-06-20,ETSY.COM PURCHASE,-65.62
2026-06-20,BANANA REPUBLIC SHOP,-129.27
2026-06-21,BLUE BOTTLE COFFEE,-6.83
2026-06-22,COMCAST XFINITY INTERNET,-89.99
2026-06-22,UBEREATS,-43.84
2026-06-22,AMAZON.COM*MKTPLACE,-32.41
2026-06-22,UBER TRIP,-27.08
2026-06-22,KAISER PERMANENTE MEDICAL,-304.65
2026-06-23,NETFLIX.COM,-22.99
2026-06-23,APPLE.COM/BILL ICLOUD,-9.99
2026-06-23,BRIGHT HORIZONS PRESCHOOL,-1850.0
2026-06-23,TRADER JOES #221,-93.24
2026-06-23,UBER TRIP,-38.9
2026-06-24,DOORDASH*ORDER,-61.9
2026-06-24,STARBUCKS STORE 09122,-7.32
2026-06-26,SPOTIFY USA,-19.99
2026-06-26,TRADER JOES #221,-82.2
2026-06-26,CHIPOTLE 2244,-15.25
2026-06-26,AMAZON.COM*MKTPLACE,-74.46
2026-06-27,SAFEWAY #1842,-131.58
2026-06-27,SUSHI RAN RESTAURANT,-150.86
2026-06-27,AMAZON.COM*MKTPLACE,-98.18
2026-06-27,LYFT RIDE,-17.41
2026-06-27,DIRECT DEPOSIT PAYROLL,9800.0
2026-06-28,WHOLE FOODS MARKET,-66.14
2026-06-28,STARBUCKS STORE 09122,-9.27
2026-06-28,AMAZON.COM*MKTPLACE,-74.93
2026-06-28,TARGET T-1189,-126.62
2026-06-28,UBER TRIP,-19.13
2026-06-29,CHEWY.COM PET SUPPLIES,-73.04
2026-06-29,STARBUCKS STORE 09122,-7.75
2026-06-29,STARBUCKS STORE 09122,-9.53
2026-06-29,CVS/PHARMACY #4471,-48.01
2026-06-30,COSTCO WHOLESALE #1103,-150.55
2026-06-30,TARGET T-1189,-112.93
2026-06-30,SHELL OIL 574812,-57.4
